{"hello": [72.8, 76.6734693877551, 76.6734693877551, 78.65, 92.3], "main2": [19.053571428571427, 42.705882352941174, 30.8, 32.43877551020408, 32.43877551020408, 33.275, 46.588235294117645, 99.0, 39.05], "main3": [1.7321428571428572, 3.8823529411764706, 2.8, 2.9489795918367347, 2.9489795918367347, 3.025, 3.025, 3.025, 4.235294117647059, 9.0, 9.0, 9.0, 3.55, 3.55, 3.55], "main": [38.107142857142854, 38.107142857142854, 85.41176470588235, 61.6, 64.87755102040816, 93.17647058823529]}